referencia;articulo;tipo;importe;desc
INS-201;Servilletas de Papel Interdobladas x 2000u;Descartables;8500.0;5%
INS-202;Vasos Térmicos Polipapel 240cc x 500u;Descartables;12400.0;0%
INS-203;Tapas Plásticas para Vasos Térmicos x 500u;Descartables;5900.0;0%
INS-204;Bolsas Camiseta Kraft Biodegradables x 1000u;Packaging;15800.0;10%
INS-205;Film Adherente de PVC 38cm x 300m;Insumos Cocina;11200.0;5%
INS-206;Papel Aluminio Extra Grueso 45cm x 100m;Insumos Cocina;14900.0;0%
INS-207;Detergente Desengrasante Concentrado x 5L;Limpieza;6700.0;8%
INS-208;Lavandina Concentrada Desinfectante x 5L;Limpieza;4200.0;0%
INS-209;Jabón Líquido Antibacterial para Manos x 5L;Higiene;5600.0;0%
INS-210;Rollos de Papel Higiénico Institucional x 8u;Higiene;9100.0;5%
